Hospital ID,Name,Address,Telephone
10005,MARSHALL MEDICAL CENTER SOUTH,2505 U S HIGHWAY 431 NORTH,2565938310
10012,DEKALB REGIONAL MEDICAL CENTER,200 MED CENTER DRIVE,2568453150
10032,WEDOWEE HOSPITAL,209 NORTH MAIN STREET,2563572111
10095,HALE COUNTY HOSPITAL,508 GREEN STREET,3346243024
10131,CRESTWOOD MEDICAL CENTER,ONE HOSPITAL DR SE,2568823100
11304,CHOCTAW GENERAL HOSPITAL,"401 VANITY FAIR LANE, PO BOX 618",2054599100
20018,YUKON KUSKOKWIM DELTA REG HOSPITAL,PO BOX 287,9075436300
21308,NORTON SOUND REGIONAL HOSPITAL,1000 GREG KRUSCHEK AVENUE (P O BOX 966),9074433311
21309,KANAKANAK HOSPITAL,P O BOX 130,9078425201
21310,MANIILAQ HEALTH CENTER,PO BOX 43,9074423321
30071,FORT DEFIANCE INDIAN HOSPITAL,PO BOX 649,9287298000
30073,TUBA CITY REGIONAL HEALTH CARE CORPORATION,PO BOX 600,9282832501
30074,SELLS HOSPITAL,"HIGHWAY 86, AT TOPAWA ROAD",5203627003
30077,SAN CARLOS APACHE HEALTHCARE,103 MEDICINE WAY ROAD,9284751200
30084,CHINLE COMPREHENSIVE HEALTH CARE FACILITY,"US HWY 191, HOSPITAL ROAD",9286747001
31305,HOPI HEALTH CARE CENTER,"HIGHWAY 264, MILEPOST 388",9287376000
31308,HUHU KAM MEMORIAL HOSPITAL,483 WEST SEED FARM ROAD,5205623321
31309,SAGE MEMORIAL HOSPITAL,STATE ROUTE 264 SOUTH 191,9287554541
40007,CHI-ST VINCENT INFIRMARY,TWO ST VINCENT CIRCLE,5015523000
40018,SPARKS MEDICAL CENTER - VAN BUREN,EAST MAIN AND SOUTH 20TH STREET,4794743401
40050,OUACHITA COUNTY MEDICAL CENTER,638 CALIFORNIA AVENUE,8708361000
40154,BAPTIST HEALTH MEDICAL CENTER-CONWAY,1555 EXCHANGE AVENUE,5015852000
41324,CHI ST VINCENT MORRILTON,#4 HOSPITAL DRIVE,5019772300
41328,CHICOT MEMORIAL MEDICAL CENTER,2729 SOUTH HIGHWAY 65 & 82,8702655351
50054,SAN GORGONIO MEMORIAL HOSPITAL,600 NORTH HIGHLAND SPRINGS AVENUE,9518451121
50103,WHITE MEMORIAL MEDICAL CENTER,1720 E CESAR AVENUE,3232685000
50138,KAISER FOUNDATION HOSPITAL - LOS ANGELES,4867 SUNSET BLVD,3237834011
50145,COMMUNITY HOSPITAL OF THE MONTEREY PENINSULA,23625 W R HOLMAN HIGHWAY,8316245311
50224,HOAG MEMORIAL HOSPITAL PRESBYTERIAN,ONE HOAG DRIVE,9497644624
50280,MERCY MEDICAL CENTER REDDING,"2175 ROSALINE AVE, CLAIRMONT HGTS",5302256102
50309,SUTTER ROSEVILLE MEDICAL CENTER,ONE MEDICAL PLAZA,9167811000
50488,EDEN MEDICAL CENTER,20103 LAKE CHABOT ROAD,5105371234
50547,SONOMA DEVELOPMENTAL CENTER,15000 ARNOLD DRIVE   /  P O BOX 1493,7079386000
50567,MISSION HOSPITAL REGIONAL MED CENTER,27700 MEDICAL CENTER RD,9493641400
50684,MENIFEE VALLEY MEDICAL CENTER,28400 MCCALL B0ULEVARD,9516798888
50717,LAC/RANCHO LOS AMIGOS NATIONAL REHABILITATION  CTR,7601 EAST IMPERIAL HIGHWAY,5624017022
51310,FRANK R HOWARD MEMORIAL HOSPITAL,1 MARCELA DR,7074563031
51317,ST HELENA HOSPITAL-CLEARLAKE,15630 18TH AVE - HWY 53,7079946486
53302,CHILDREN'S HOSP OF LOS ANGELES,4650 SUNSET BLVD,3236692164
53306,CHILDREN'S HOSPITAL AT MISSION,"27700 MEDICAL CENTER RD, 5TH FLOOR",9493652408
61325,PIONEERS MEDICAL CENTER,100 PIONEERS MEDICAL CENTER DRIVE,9708785047
61326,PIKES PEAK REGIONAL HOSPITAL,16420 HIGHWAY 24,7196879999
70006,STAMFORD HOSPITAL,ONE HOSPITAL PLAZA,2032761000
70029,BRISTOL HOSPITAL,BREWSTER RD,8605853000
80003,ST FRANCIS HOSPITAL,7TH AND CLAYTON STS,3024214100
100054,TWIN CITIES HOSPITAL,2190 HWY 85 N,8506784131
100137,HEART OF FLORIDA REGIONAL MEDICAL CENTER,40100 US HWY 27 N,8634224971
100183,CORAL GABLES HOSPITAL,3100 DOUGLAS RD,3054458461
100204,NORTH FLORIDA REGIONAL MEDICAL CENTER,6500 NEWBERRY RD,3523334100
100209,KENDALL REGIONAL MEDICAL CENTER,11750 BIRD RD,3052233000
100244,CAPE CORAL HOSPITAL,636 DEL PRADO BLVD,2395742323
21301,PROVIDENCE VALDEZ MEDICAL CENTER,PO BOX 550,9078352249
21304,PETERSBURG MEDICAL CENTER, PO BOX 589,9077724291
21307,CORDOVA COMMUNITY MEDICAL CENTER,PO BOX 160 - 602 CHASE AVENUE,9074248000
110030,CARTERSVILLE MEDICAL CENTER,960 JOE FRANK HARRIS PARKWAY,7703878182
110038,JOHN D ARCHBOLD MEMORIAL HOSPITAL,915 GORDON AVENUE & MIMOSA DRIVE,2292282880
110041,HABERSHAM COUNTY MEDICAL CTR,541 HISTORIC HIGHWAY 441-NORTH,7067542161
110128,MEADOWS REGIONAL MEDICAL CENTER,ONE MEADOWS PARKWAY,9125355828
111313,PUTNAM GENERAL HOSPITAL,101 LAKE OCONEE PARKWAY,7064852711
111335,LIBERTY REGIONAL MEDICAL CENTER,462 E G MILES PARKWAY,9123699438
113301,CHILDREN'S HEALTHCARE OF ATLANTA AT SCOTTISH RITE,1001 JOHNSON FERRY ROAD,4047855252
120028,NORTH HAWAII COMMUNITY HOSPITAL,67 1125 MAMALAHOA HIGHWAY,8088854444
130013,SAINT ALPHONSUS MEDICAL CENTER - NAMPA,1512 TWELFTH AVENUE ROAD,2084635000
140007,PRESENCE SAINT JOSEPH MEDICAL CENTER,333 N MADISON,8157257133
131323,ST LUKE'S WOOD RIVER MEDICAL CENTER,100 HOSPITAL DRIVE,2087278800
140002,ALTON MEMORIAL HOSPITAL,ONE MEMORIAL DRIVE,6184637300
140015,BLESSING HOSPITAL,BROADWAY AT 11TH STREET,2172235811
140018,MT SINAI HOSPITAL MEDICAL CENTER,15TH STREET AT CALIFORNIA,7732576751
140052,OSF SAINT ANTHONY'S HEALTH CENTER,ST ANTHONY'S WAY,6184652571
140118,METROSOUTH MEDICAL CENTER,12935 S GREGORY,7085972000
140191,INGALLS MEMORIAL HOSPITAL,ONE INGALLS DRIVE,7083332300
140210,HARRISBURG MEDICAL CENTER,100 DOCTOR WARREN TUTTLE DR,6182537671
140258,ALEXIAN BROTHERS MEDICAL CENTER 1,800 W BIESTERFIELD RD,8474375500
140286,KISHWAUKEE COMMUNITY HOSPITAL,ONE KISH HOSPITAL DRIVE,8157561521
141302,MIDWEST MEDICAL CENTER,ONE MEDICAL CENTER DRIVE,8157771340
141306,COMMUNITY MEMORIAL HOSPITAL,400 CALDWELL,6186352200
141328,HARDIN COUNTY GENERAL HOSPITAL,FERRELL ROAD,6182856634
141346,FAYETTE COUNTY HOSPITAL,7TH AND TAYLOR,6182831231
141349,SPARTA COMMUNITY HOSPITAL,818 E BROADWAY,6184432177
143300,ANN & ROBERT H LURIE CHILDRENS HOSPITAL OF CHICAGO,"225 E CHICAGO, BOX 57",7738804000
143301,LARABIDA CHILDRENS HOSPITAL I,E 65TH ST AT LAKE MICHIGAN,7733636700
150069,KING'S DAUGHTERS' HEALTH,1373 EAST SR 62,8128010105
150089,INDIANA UNIVERSITY HEALTH BALL MEMORIAL HOSPITAL,2401 UNIVERSITY AVE,7657473111
150128,COMMUNITY HOSPITAL SOUTH,1402 E COUNTY LINE RD S,3178877000
160089,OTTUMWA REGIONAL HEALTH CENTER,1001 E PENNSYLVANIA,6416827511
161377,MERCY MEDICAL CENTER-CENTERVILLE,ONE ST JOSEPH'S DRIVE,6414374111
170166,MORTON COUNTY HOSPITAL,445 N HILLTOP,6206972141
171303,LANE COUNTY HOSPITAL,235 WEST VINE  PO BOX 969,6203975321
171312,COMANCHE COUNTY HOSPITAL,2ND & FRISCO STREET,6205822144
171318,SEDAN CITY HOSPITAL,300 NORTH STREET,6207253115
171322,HAMILTON COUNTY HOSPITAL,700 NORTH HUSER,6203847461
171324,SATANTA DISTRICT HOSPITAL,CHEYENNE & APACHE,6206492761
171338,SABETHA COMMUNITY HOSPITAL,14TH & OREGON,7852842121
171344,WILSON MEDICAL CENTER,REECE CAMPUS 2600 OTTAWA ROAD,6203258369
171356,ST LUKE HOSPITAL & LIVING CENTER,535 SOUTH FREEBRON,6203822177
171373,ALLEN COUNTY REGIONAL HOSPITAL,3066 NORTH KENTUCKY STREET,6203651021
171382,ATCHISON HOSPITAL,800 RAVIN HILL DRIVE,9133605581
180010,SAINT JOSEPH HOSPITAL,ONE SAINT JOSEPH DRIVE,8593131000
180079,HARRISON MEMORIAL HOSPITAL,1210 KY HWY 36 E,8592342300
180080,BAPTIST HEALTH CORBIN,ONE TRILLIUM WAY,6065281212
190116,MOREHOUSE GENERAL HOSPITAL,323 W WALNUT,3182833600
190144,MINDEN MEDICAL CENTER,NO 1 MEDICAL PLAZA,3183772321
190145,LASALLE GENERAL HOSPITAL,187 NINTH ST/HWY 84 WEST,3189929200
190266,THE SPINE HOSPITAL OF LOUISIANA,"10105 PARK ROW CIRCLE, SUITE 250",2257639900
200033,EASTERN MAINE MEDICAL CENTER,PO BOX 404,2079737000
191318,RIVERLAND MEDICAL CENTER,1700  WALLACE BLVD,3187576551
200018,AROOSTOOK MEDICAL CENTER,PO BOX 151,2077684000
201301,CHARLES A DEAN MEMORIAL HOSPITAL,PO BOX 1129,2076955200
201312,WALDO COUNTY GENERAL HOSPITAL,PO BOX 287,2073382500
210011,SAINT AGNES HOSPITAL,900 CATON AVENUE,4103682101
220010,LAWRENCE GENERAL HOSPITAL,ONE GENERAL STREET,9786834000
220171,"LAHEY HOSPITAL & MEDICAL CENTER, BURLINGTON",41 & 45 MALL ROAD,7817445100
221300,MARTHA'S VINEYARD HOSPITAL INC,"ONE HOSPITAL ROAD, FIRST FL, WING 5,  PO BOX 1477",5086930410
230110,SPECTRUM HEALTH LUDINGTON HOSPITAL,ONE N ATKINSON DRIVE,2318432591
230132,HURLEY MEDICAL CENTER,ONE HURLEY PLAZA,8102579000
230197,GENESYS REGIONAL MEDICAL CENTER - HEALTH PARK,ONE GENESYS PARKWAY,8106065000
230269,"BEAUMONT HOSPITAL, TROY",44201 DEQUINDRE ROAD,2489648800
230273,DETROIT RECEIVING HOSPITAL & UNIV HEALTH CENTER,4201 ST ANTOINE ST - 3M,3137453104
230277,HURON VALLEY-SINAI HOSPITAL,ONE WILLIAM CARLS DRIVE,2489373370
231303,SCHOOLCRAFT MEMORIAL HOSPITAL,7870W US HIGHWAY 2,9063413200
231322,MUNSON HEALTHCARE CHARLEVOIX HOSPITAL,14700 LAKESHORE DRIVE,2315474024
231323,SPECTRUM HEALTH REED CITY HOSPITAL,"300 N PATTERSON, PO BOX 75",2318323271
240206,RED LAKE HOSPITAL A,PO BOX 497,2186793912
241300,MAHNOMEN HEALTH CENTER,414 W JEFFERSON PO BOX 396,2189352511
241306,RENVILLE COUNTY HOSPITAL AND CLINICS,100 HEALTHY WAY,3205231261
250006,BAPTIST MEMORIAL HOSPITAL UNION COUNTY,200 HWY 30 WEST,6625387631
241379,PRAIRIE RIDGE HOSPITAL AND HEALTH SERVICES,1411 STATE HIGHWAY 793,2186857300
250057,KING'S DAUGHTERS MEDICAL CENTER-BROOKHAVEN,P O BOX 948/427 HIGHWAY 51 NORTH,6018336011
250060,JEFFERSON COUNTY HOSPITAL,870 S MAIN,6017863401
250084,MERIT HEALTH NATCHEZ,52 SERGEANT PRENTISS DRIVE,6014432100
250097,SOUTHWEST MS REGIONAL MEDICAL CENTER,215 MARION AV BOX 1307,6012495500
250127,CHOCTAW HEALTH CENTER,ROUTE 7 BOX R50,6016562211
250134,WHITFIELD MEDICAL SURGICAL HOSPITAL,"3550 HWY 468 W, BLDG 60",6013518023
251309,FIELD HEALTH SYSTEM,178 HIGHWAY 24,6018900500
260020,MERCY HOSPITAL ST LOUIS,615 NEW BALLAS ROAD,3145696000
260032,BARNES JEWISH HOSPITAL,ONE BARNES-JEWISH HOSPITAL PLAZA,3147473000
260108,MISSOURI BAPTIST MEDICAL CENTER,3015 N BALLAS RD,3149965000
260141,UNIVERSITY OF MISSOURI HEALTH CARE,ONE HOSPITAL DRIVE,5738824141
260142,FITZGIBBON HOSPITAL,2305 S 65 HIGHWAY,6608867431
260183,SAINT FRANCIS MEDICAL CENTER,211 ST FRANCIS DR,5733313000
260214,BELTON REGIONAL MEDICAL CENTER,17065 S 71 HIGHWAY,8163481236
261318,SALEM MEMORIAL DISTRICT HOSPITAL,"PO BOX 774,",5737296626
261335,MERCY ST FRANCIS HOSPITAL,"100 WEST HIGHWAY 60, PO BOX 82",4179347000
261336,IRON COUNTY HOSPITAL,301 NORTH HIGHWAY 21,5735461260
263301,ST LOUIS CHILDRENS HOSPITAL,ONE CHILDRENS PLACE,3144546000
270003,ST PETER'S HOSPITAL,2475 BROADWAY,4064422480
271304,MISSOURI RIVER MEDICAL CENTER,1501 ST CHARLES ST,4066223331
271309,PRAIRIE COMMUNITY HOSPITAL,312 S ADAMS,4066355511
271321,WHEATLAND MEMORIAL HOSPITAL,530 3RD ST NW,4066324351
271339,P H S INDIAN HOSPITAL CROW / NORTHERN CHEYENNE,"1010 SOUTH 7650 EAST, POST OFFICE BOX 9",4066382626
280009,CHI HEALTH GOOD SAMARITAN,"P O BOX 1990, 10 EAST 31ST ST",3088657100
280013,THE NEBRASKA MEDICAL CENTER DBA NEBRASKA MEDICINE,987400 NEBRASKA MEDICAL CENTER,4025522040
280133,"NEBRASKA SPINE HOSPITAL, LLC","P O BOX 34400, 6901 NORTH 72ND ST, STE 20300",4025723000
281300,HARLAN COUNTY HEALTH SYSTEM,"P O BOX 836, 717 NORTH BROWN ST",3089282151
281301,FILLMORE COUNTY HOSPITAL,"P O BOX 193, 1900 F STREET",4027593167
281302,PAWNEE COUNTY MEMORIAL HOSPITAL,"P O BOX 433, 600 I ST",4028522231
281303,NIOBRARA VALLEY HOSPITAL,"P O BOX 118, 401 SOUTH 5TH STREET",4025692451
281309,COMMUNITY MEMORIAL HOSPITAL,"P O BOX N, 1579 MIDLAND ST",4022692011
281312,GENOA COMMUNITY HOSPITAL,"P O BOX 310, 706 EWING AVE",4029932283
281314,ANNIE JEFFREY MEMORIAL COUNTY HEALTH CENTER,"P O BOX 428, 531 BEEBE ST",4027472031
281315,BRODSTONE MEMORIAL HOSP,"P O BOX 187, 520 EAST 10TH ST",4028793281
281316,WEBSTER COUNTY COMMUNITY HOSPITAL,"P O BOX 465, 621 N FRANKLIN ST",4027465600
281319,JEFFERSON COMMUNITY HEALTH CENTER,"P O BOX 277, 2200 H ST",4027293351
281326,ANTELOPE MEMORIAL HOSPITAL,"P O BOX 229, 102 WEST 9TH ST",4028874151
281327,COZAD COMMUNITY HOSPITAL,"P O BOX 108, 300 EAST 12TH ST",3087842261
281331,AVERA CREIGHTON HOSPITAL,"P O BOX 186, 1503 MAIN ST",4023585700
281334,BOONE COUNTY HEALTH CENTER,"P O BOX 151, 723 WEST FAIRVIEW ST",4023952191
281335,CALLAWAY DISTRICT HOSPITAL,"P O BOX 100, 211 E KIMBALL ST",3088362228
281336,YORK GENERAL HOSPITAL,2222 LINCOLN AVE,4023626671
390093,CLARION HOSPITAL,ONE HOSPITAL DRIVE,8142269500
281338,HOWARD COUNTY MEDICAL CENTER,"P O BOX 406, 1113 SHERMAN ST",3087544421
281340,DUNDY COUNTY HOSPITAL,"P O BOX 626, 1313 NORTH CHEYENNE ST",3084232204
281344,CHERRY COUNTY HOSPITAL,"P O BOX 410, 510 NORTH GREEN ST",4023762525
281346,CHI HEALTH PLAINVIEW,"P O BOX 489, 704 NORTH THIRD ST",4025824245
281347,OSMOND GENERAL HOSPITAL,"P O BOX 429, 402 NORTH MAPLE ST",4027483393
100213,BLAKE MEDICAL CENTER,2020 59TH ST W,9417926611
281349,PENDER COMMUNITY HOSPITAL,"P O BOX 100, 100 HOSPITAL DRIVE",4023853083
281351,CHASE COUNTY COMMUNITY HOSPITAL,"P O BOX 819, 600 W 12TH ST",3088827111
281352,"COMMUNITY MEDICAL CENTER, INC","P O BOX 399, 3307 BARADA ST",4022452428
281354,CRETE AREA MEDICAL CENTER,"P O BOX 220, 2910 BETTEN DR",4028262102
281360,BOX BUTTE GENERAL HOSPITAL,"P O BOX 810, 2101 BOX BUTTE AVE",3087626660
281361,LEXINGTON REGIONAL HEALTH CENTER,"P O BOX 980, 1201 NORTH ERIE ST",3083245651
281363,COMMUNITY HOSPITAL,"P O BOX 1328, 1301 EAST H ST",3083442650
281364,"BEATRICE COMMUNITY HOSPITAL & HEALTH CENTER, INC","P O BOX 278, 4800 HOSPITAL PARKWAY",4022283344
290041,SUMMERLIN HOSPITAL MEDICAL CENTER,657 TOWN CENTER DRIVE,7022337500
290045,ST ROSE DOMINICAN HOSPITALS - SIENA CAMPUS,3001 ST ROSE PARKWAY,7026165000
290057,HENDERSON HOSPITAL,1050 WEST GALLERIA DRIVE,3182904395
291306,CARSON VALLEY MEDICAL CENTER,1107 HIGHWAY 395,7757821500
291314,SOUTH LYON MEDICAL CENTER,213 S WHITACRE/PO BOX 940,7757813761
310009,CLARA MAASS MEDICAL CENTER,ONE CLARA MAASS DRIVE,9734502002
310010,UNIV MEDICAL CENTER OF PRINCETON AT PLAINSBORO,ONE-FIVE PLAINSBORO ROAD,8664604776
310011,CAPE REGIONAL MEDICAL CENTER INC,TWO STONE HARBOR BLVD,6094632000
310034,RIVERVIEW MEDICAL CENTER,ONE RIVERVIEW PLAZA,7327412700
310038,ROBERT WOOD JOHNSON UNIVERSITY HOSPITAL,ONE ROBERT WOOD JOHNSON PLACE,7329378525
310044,CAPITAL HEALTH MEDICAL CENTER - HOPEWELL,ONE CAPITAL WAY,6093034000
310054,HACKENSACK-UMC MOUNTAINSIDE,BAY AND HIGHLAND AVE,9734296000
310091,MEMORIAL HOSPITAL OF SALEM COUNTY,310 WOODSTOWN ROAD,8569351000
310110,ROBERT WOOD JOHNSON UNIVERSITY HOSPITAL HAMILTON,ONE HAMILTON HEALTH PLACE,6095867900
100248,LARGO MEDICAL CENTER,201 14TH ST SW,7275885200
320058,MESCALERO PHS INDIAN HOSPITAL,P O BOX 210,5054644441
320059,NORTHERN NAVAJO MEDICAL CENTER,US HWY 491 NORTH,5053686001
320060,ZUNI COMPREHENSIVE COMMUNITY HEALTH CENTER,ROUTE 301 NORTH B STREET,5057824431
320062,CROWNPOINT HEALTHCARE FACILITY,JUNCTION OF HWY 371,5057865291
320070,DHHS USPHS INDIAN HEALTH SERVICES,EXIT #102 OFF I-40 1/2 MILE SOUTH,5055525300
321309,MIMBRES MEMORIAL HOSPITAL,900 W ASH,5755465803
330024,MOUNT SINAI HOSPITAL,ONE GUSTAVE L LEVY PLACE,2122417981
330049,NORTHERN DUTCHESS HOSPITAL,6511 SPRINGBROOK AVENUE,8458713391
330055,NEW YORK-PRESBYTERIAN/QUEENS,56-45 MAIN STREET,7186702000
330058,GENEVA GENERAL HOSPITAL,196 -198 NORTH STREET,3157874175
330085,AURELIA OSBORN FOX MEMORIAL HOSPITAL,ONE NORTON AVENUE,6074322000
330136,MARY IMOGENE BASSETT HOSPITAL,ONE ATWELL ROAD,6075473456
330181,GLEN COVE HOSPITAL,101 ST ANDREWS LANE,5166747300
330195,LONG ISLAND JEWISH MEDICAL CENTER,270 - 05 76TH AVENUE,7184707000
330198,SOUTH NASSAU COMMUNITIES HOSPITAL,ONE HEALTHY WAY,5166323000
330304,WHITE PLAINS HOSPITAL CENTER,41 EAST POST R0AD,9146810600
330385,NORTH CENTRAL BRONX HOSPITAL,3424 KOSSUTH AVENUE & 210TH STREET,2125195000
330386,CATSKILL REGIONAL MEDICAL CENTER,68 HARRIS BUSHVILLE ROAD,8457943300
330393,UNIVERSITY HOSPITAL ( STONY BROOK ),HEALTH SCIENCES CENTER SUNY,6314444000
331303,CATSKILL REGIONAL MEDICAL CENTER - G HERMANN SITE,8081 ROUTE 97,8458875530
340030,DUKE UNIVERSITY HOSPITAL,PO BOX 3814 DUMC  ERWIN RD,9196848111
340047,NORTH CAROLINA BAPTIST HOSPITAL,MEDICAL CENTER BOULEVARD,3367162011
340127,GRANVILLE HEALTH SYSTEMS,COLLEGE ST BOX 947,9196903000
340132,MARIA PARHAM MEDICAL CENTER,PO BOX 59,2524313708
340144,DAVIS REGIONAL MEDICAL CENTER,218 OLD MOCKSBVILLE RD PO BOX 1823,7048730281
340156,CHEROKEE INDIAN HOSPITAL AUTHORITY,CALLER BOX C268,7044979163
340171,NOVANT HEALTH MATTHEWS MEDICAL CENTER,1500 MATTHEWS TWNSHP PRKWY BOX 3310,7043846500
341302,OUR COMMUNITY HOSPITAL,921 JUNIOR HIGH ROAD,2528264144
341320,ALLEGHANY COUNTY MEMORIAL HOSPITAL,617 DOCTORS STREET,3363725511
341323,CHARLES A CANNON JR MEMORIAL HOSPITAL,434 HOSPITAL DRIVE,8287377000
350063,P H S INDIAN HOSP AT BELCOURT-QUENTIN N BURDICK,PO BOX 160,7014776111
350064,STANDING ROCK INDIAN HEALTH SERVICE HOSPITAL,10 NORTH RIVER ROAD,7018543831
351305,KENMARE COMMUNITY HOSPITAL,PO BOX 697,7013854296
351312,NORTHWOOD DEACONESS HEALTH CENTER,PO BOX 190,7015876060
351318,CARRINGTON HEALTH CENTER,PO BOX 461,7016523141
351319,PEMBINA COUNTY MEMORIAL HOSPITAL,BOX 380,7012658461
351331,TOWNER COUNTY MEDICAL CENTER,HWY 281 N,7019684411
360051,MIAMI VALLEY HOSPITAL,ONE WYOMING STREET,9372088000
360076,ATRIUM MEDICAL CENTER,ONE MEDICAL CENTER DRIVE,5134205102
360098,LAKE HEALTH,7590 AUBURN ROAD,4409539600
360133,GRANDVIEW HOSPITAL & MEDICAL CENTER,405 GRAND AVENUE,9377233312
360245,GLENBEIGH HEALTH SOURCES,2863 STATE ROUTE 45,4405633400
360262,MERCY ST ANNE HOSPITAL,3404 SYLVANIA AVENUE,4194072663
360274,MEDICAL CENTER AT ELIZABETH PLACE,ONE ELIZABETH PLACE,9378531053
363306,DAYTON CHILDREN'S HOSPITAL,ONE CHILDRENS PLAZA,9376413450
363308,SHRINERS HOSPITALS FOR CHILDREN - CINCINNATI,3229 BURNETT AVENUE,5138726000
370034,MCALESTER REGIONAL HEALTH CENTER AUTHORITY,ONE CLARK BASS BOULEVARD,9184261800
370048,MCCURTAIN MEMORIAL HOSPITAL,1301 LINCOLN ROAD,5802867623
370049,STILLWATER MEDICAL CENTER AUTHORITY,1323 WEST 6TH STREET,4053721480
370054,GRADY MEMORIAL HOSPITAL,2220 IOWA STREET,4052242300
370183,HILLCREST HOSPITAL HENRYETTA,2401 W MAIN DEWEY,9186501511
370214,LINDSAY MUNICIPAL HOSPITAL,1305 W CHEROKEE STREET - HIGHWAY 19 WEST,4057561404
370222,MCBRIDE ORTHOPEDIC HOSPITAL,9600 NORTH BROADWAY EXTENSION,4054862100
371311,JEFFERSON COUNTY HOSPITAL,INTERSECTION HYWS 81 & 70,5802282344
371313,"MERCY HOSPITAL KINGFISHER, INC",1000 KINGFISHER HOSPITAL DRIVE,4053753141
371330,QUARTZ MOUNTAIN MEDICAL CENTER,ONE WICKERSHAM DRIVE,5807823353
371331,DRUMRIGHT REGIONAL HOSPITAL,610 WEST BYPASS,9183822300
371332,SEILING MUNICIPAL HOSPITAL,US HIGHWAY 60,5809227361
381319,ST ANTHONY HOSPITAL,2801 ST ANTHONY WAY,5412765121
390013,EVANGELICAL COMMUNITY HOSPITAL,ONE HOSPITAL DRIVE,5705222200
390025,KENSINGTON HOSPITAL,136 W DIAMOND STREET,2154268100
390032,ALLEGHENY VALLEY HOSPITAL,1301 CARLISLE ST,4122245100
390066,GOOD SAMARITAN HOSPITAL,FOURTH AND WALNUT STREETS,7172707500
390079,ROBERT PACKER HOSPITAL,ONE GUTHRIE SQUARE,5708886666
390111,HOSPITAL OF UNIV OF PENNSYLVANIA,34TH & SPRUCE STS,2156623227
390123,POTTSTOWN MEMORIAL MEDICAL CENTER,1600 EAST HIGH STREET AND ARMAND HAMMER BLVD,6103277000
390146,WARREN GENERAL HOSPITAL,TWO CRESCENT PARK WEST,8147233300
390156,MERCY FITZGERALD HOSPITAL,LANSDOWNE & BAILY RDS,2152374000
390163,ACMH HOSPITAL,ONE NOLTE DRIVE,7245438500
390168,BUTLER MEMORIAL HOSPITAL,ONE HOSPITAL WAY,7242836666
390180,CROZER CHESTER MEDICAL CENTER,ONE MEDICAL CENTER BOULEVARD,6104472000
390195,MAIN LINE HOSPITAL LANKENAU,100 LANCASTER AVE,6106452000
390219,EXCELA HEALTH LATROBE HOSPITAL,ONE MELLON WAY,7245371000
390258,ST MARY MEDICAL CENTER,LANGHORNE-NEWTOWN RD,2157502003
390321,SURGICAL SPECIALTY CENTER AT COORDINATED HEALTH,1503 CEDAR CREST BOULEVARD,6108719110
390330,ST LUKE'S HOSPITAL - MONROE CAMPUS,100 ST LUKES LANE,2722120200
393303,CHILDREN'S HOSPITAL OF PHILADELPHIA,34TH ST & CIVIC CENTER BLVD,2155903745
400001,PRESBYTERIAN COMMUNITY HOSP,1451 ASHFORD AVENUE,7877212160
400003,HOSPITAL METROPOLITANO DR PILA,2435 LAS AMERICAS AVE,7878485600
400004,"ASOCIACION HOSPITAL DEL MAESTRO, INC",SERGIO CUEVAS BUSTAMANTE STREET 550,7877586420
400005,HIMA SAN PABLO HUMACAO,CALLE FONT MARTELO #3,7878522424
400006,DOCTORS' CENTER HOSPITAL SAN JUAN,PDA. 20 C/ SAN RAFAEL # 1395,7877232950
400007,RYDER MEMORIAL HOSPITAL INC,355 AVE FONT MARTELO,7878520768
400009,SANTA ROSA CLINIC,AVE. LOS VETERANOS #3 KM 135 7 EXIT TO ARROYO,7878640101
400010,HOSPITAL GENERAL DE CASTANER,CARR 135 KM 64 2,7878295010
400011,HOSPITAL ORIENTE,300 FONT MARTELLO STREET,7878520505
400012,HOSPITAL ONCOLOGICO DR ISAAC GONZALEZ MARTINEZ,BO. MONACILLOS CARR 22 CENTRO MEDICO DE PUERTO RIC,7877634149
400013,HOSPITAL MENONITA DE CAYEY,BO. RINCON SECTOR LAS LOMAS  KM.3.1 CARR 14,7875351001
400044,SAN LUKE'S MEMORIAL HOSPITAL INC,TITO CASTRO AVE #917,7878442080
400014,BELLA VISTA HOSPITAL,CARR 349 KM 2 7 CERRO LAS MESAS,7876526045
400015,SAN JUAN MUNICIPAL HOSPITAL,"BARRIO MONACILLOS,CENTRO MEDICO",7877568535
400016,AUXILIO MUTUO HOSPITAL,PONCE DE LEON AVENUE STOP 36 1/2 #735,7877582000
400018,MENNONITE GENERAL HOSPITAL INC,CALLE JOSE C VASQUEZ BO. CAONILLAS,7875351001
400019,HOSPITAL PAVIA SANTURCE,CALLE PROFESOR AUGUSTO RODRIGUEZ #1462,7877276060
400021,HOSPITAL DE LA CONCEPCION,ROAD NUMBER 2 KM 173.4 CAIN ALTO,7878921860
400022,HOSPITAL DAMAS INC,PONCE BY PASS #2213,7878408460
400026,LAFAYETTE HOSPITAL,CARR.753 KM.0.1-SECTOR CUATRO CALLES,7878393232
400032,HOSPITAL HERMANOS MELENDEZ INC,CARRETERA #2 KM 11 7,7876208181
400048,HOSPITAL EPISCOPAL SAN LUCAS GUAYAMA INC,AVE. PEDRO ALBIZU CAMPOS URB. LA HACIENDA,7878644300
400061,HOSPITAL UNIVERSITARIO DE ADULTO,BARRIO MONACILLOS CENTROMEDICO,7877540101
400079,HOSP COMUNITARIO BUEN SAMARITANO,CARR.2 KM.1.4 AVE. SEVERIANO CUEVAS #18,7876580000
400087,HOSPITAL DR CAYETANO COLL Y TOSTE,CARRETERA 129 KM.1 AVENIDA SAN LUIS,7876507272
400098,HOSPITAL SAN FRANCISCO,371 DE DIEGO AVE,7877675100
400102,DOCTORS CENTER HOSPITAL BAYAMON,9 J STREET EXT HERMANAS DAVILA,7876225420
400103,MAYAGUEZ MEDICAL CENTER DR RAMON EMETERIO BETANCES,CARR 2 BO SABALOS,7876529200
400104,HOSPITAL MENONITA CAGUAS INC,CARR 172  EXIT 21 URB TURABO GARDENS,7877443141
410006,NEWPORT HOSPITAL,FRIENDSHIP STREET,4018466400
400105,HOSPITAL UNIVERSITARIO DR RUIZ ARNAU,LAUREL AVE SANTA JUANITA #100,7877875151
400106,METROPOLITAN HOSPITAL,CARRETERA 21 1785 URB LAS LOMAS,7877829999
400109,HIMA SAN PABLO BAYAMON,CALLE SANTA CRUZ NUMERO 70  URB SANTA CRUZ,7876204747
400110,HOSPITAL METROPOLITANO DR TITO MATTEI,ROAD 128 KM 1.0,7878561000
400111,HOSPITAL SAN CARLOS BORROMEO, CALLE CONCEPCION VERA AYALA #550 S,7878778000
400112,"HOSPITAL UPR, DR  FEDERICO TRILLA",CARR 3 KM 8  3 AVE 65TH INFANTERIA       BOX 6021,7877571800
400113,HOSPITAL SAN CRISTOBAL,CARR 506 KM 1 0,7878482100
400114,MANATI MEDICAL CENTER DR OTERO LOPEZ,CALLE HERNANDEZ CARRION URB ATENAS,7876213700
400115,CENTRO MEDICO WILMA N VAZQUEZ,CARR. 2 KM 39.5    ROAD NUMBER 2 BO ALGARROBO,7878581580
400117,HOSPITAL DR SUSONI INC,55 PALM ST,7876501031
400118,"DOCTORS' CENTER HOSPITAL, INC","MARGINAL CARRETERA NO 2, KM 47 7",7878533322
400120,HIMA SAN PABLO-CAGUAS,AVE LUIS MUNOZ MARIN,7876533434
400121,HOSPITAL SAN GERARDO,CARR 844 KM 0 5  CUPEY BAJO,7877618383
400122,PROFESSIONAL HOSPITAL GUAYNABO INC,AVE LAS CUMBRES ST 199KM 1 2,7877086560
400123,HOSPITAL PEREA,15 DR BASORA STREET,7878340101
400124,CENTRO CARDIOVASCULAR,"AVENIDA AMERICO MIRANDA, ENTRADA PRINCIPAL CM",7877548500
400125,HIMA-SAN PABLO FAJARDO,GENERAL VALERO AVE#404,7876550505
400126,HOSPITAL METROPOLITANO SAN GERMAN,CALLE JAVILLA  #8 AL COSTADO PARQUE DE BOMBAS,7878925300
400127,ADMIN DE SERVICIOS MEDICOS  PUERTO RIC,BO MONACILLO CARR NUM 22,7877773535
400128,"HOSPITAL PAVIA HATO REY, INC",AVE PONCE DE LEON 435,7877540909
400130,HOSPITAL METROPOLITANO DE LA MONTANA,CALLE ISAAC GONZALEZ ESQUINA LEDESMA,7879331100
400131,CARIBBEAN MEDICAL CENTER,151 AVE OSVALDO MOLINA,7878010081
403301,UNIVERSITY PEDIATRIC HOSPITAL,PUERTO RICO MEDICAL CENTER IN RIO PIEDRAS,7877773232
420011,CANNON MEMORIAL HOSPITAL,123 MEDICAL PARK DRIVE PO BOX 188,8648784791
420015,BAPTIST EASLEY HOSPITAL,PO BOX 2129,8644427200
420023,ST FRANCIS-DOWNTOWN,ONE ST FRANCIS DR,8008055678
420098,TIDELANDS WACCAMAW COMMUNITY HOSPITAL,4070 HIGHWAY 17 BYPASS PO DRAWER 3350,8436521000
420106,PALMETTO HEALTH BAPTIST PARKRIDGE,400 PALMETTO HEALTH PARKWAY,8039077011
421302,FAIRFIELD MEMORIAL HOSPITAL,321 BYPASS PO BOX 620,8036350233
430083,PHS INDIAN HOSPITAL AT EAGLE BUTTE,24276 166TH AIRPORT ROAD,6059643005
430084,PHS INDIAN HOSPITAL AT ROSEBUD,400 SOLDIER CREEK ROAD,6057472231
431300,MADISON REGIONAL HEALTH SYSTEM,323 SW 10TH ST,6052566551
431309,COMMUNITY MEMORIAL HOSPITAL,809 JACKSON  POST OFFICE BOX 319,6057752621
431314,BENNETT COUNTY HOSPITAL AND NURSING HOME - CAH,102 MAJOR ALLEN   POST OFFICE BOX 70D,6056856622
431318,BOWDLE HOSPITAL - CAH,8001 W 5TH  POST OFFICE BOX 556,6052856146
431319,HANS P PETERSON MEMORIAL HOSPITAL - CAH,503 W PINE  POST OFFICE BOX 790,6058592511
431326,MILBANK AREA HOSPITAL/AVERA HEALTH,301 FLYNN DRIVE,6054324538
431328,PIONEER MEMORIAL HOSPITAL - CAH,315 N WASHINGTON AVE  POST OFFICE BOX 368,6053265161
431332,AVERA DE SMET MEMORIAL HOSPITAL - CAH,306 PRAIRIE AVENUE SW  POST OFFICE BOX 160,6058543329
431338,AVERA GREGORY HOSPITAL,400 PARK STREET  POST OFFICE BOX 408,6058358394
440001,UNICOI COUNTY MEMORIAL HOSPITAL,GREENWAY CIRCLE,4237433141
440012,WELLMONT BRISTOL REGIONAL MEDICAL CENTER,ONE MEDICAL PARK BLVD,4238441121
440082,SAINT THOMAS WEST HOSPITAL,"4220 HARDING RD, PO BOX 380",6152222111
440175,SOUTHERN TENNESSEE REGIONAL HEALTH SYSTEM LAWRENCE,HWY 43 S BOX 847,9317626571
441315,COPPER BASIN MEDICAL CENTER,HIGHWAY 68,4234965511
450032,GOOD SHEPHERD MEDICAL CENTER MARSHALL,811 S WASHINGTON,9039276712
450099,PAMPA REGIONAL MEDICAL CENTER,1 MEDICAL PLAZA,8066653721
450143,SETON SMITHVILLE REGIONAL HOSPITAL,1201 HILL RD,5122373214
450147,DETAR HEALTHCARE SYSTEM,506 E SAN ANTONIO ST,3615757441
450144,PERMIAN REGIONAL MEDICAL CENTER ANDREWS COUNTY HO,720 HOSPITAL DRIVE,4325232200
450165,SOUTH TEXAS REGIONAL MEDICAL CENTER,1905 HWY 97 EAST,8307693515
450210,ETMC CARTHAGE,409 WEST COTTAGE,936933841
450214,GULF COAST MEDICAL CENTER,10141 US 59 NORTH,9795322500
450237,CHRISTUS SANTA ROSA HOSPITAL,333 NORTH SANTA ROSA STEET,2107043342
450324,TEXOMA MEDICAL CENTER,5016 S US HIGHWAY 75,9034164000
450352,HUNT REGIONAL MEDICAL CENTER,4215 JOE RAMSEY BLVD,9034085000
450369,CHILDRESS REGIONAL MEDICAL CENTER,HWY 83 NORTH,9409376371
450395,MEMORIAL MEDICAL CENTER LIVINGSTON,1717 HWY 59 BYPASS,9363274381
450662,VALLEY REGIONAL MEDICAL CENTER,100 A ALTON GLOOR,9563507000
450797,HOUSTON HOSPITAL FOR SPECIALIZED SURGERY,5445 LABRANCH STREET,7135286800
451309,MCCAMEY HOSPITAL,2500 HWY 305 SOUTH,4326528626
451318,STONEWALL MEMORIAL HOSPITAL,821 NORTH BROADWAY,9409893551
451329,RANKIN HOSPITAL MEDICAL CLINIC,1611 SPUR 576,4326932443
451333,MARTIN COUNTY HOSPITAL DISTRICT,600 E INTERSTATE 20     PO BOX 640,4327563345
451341,HASKELL MEMORIAL HOSPITAL,1 NORTH AVENUE N  PO BOX 1117,9408642621
451357,LITTLE RIVER HEALTHCARE,1700 BRAZOS,5124464500
451360,CHI ST LUKES HEALTH MEMORIAL SAN AUGUSTINE,511 HOSPITAL ST,9362753446
451361,SABINE COUNTY HOSPITAL,"PO BOX 750, 2301 HWY 83 W",4097873300
451365,SETON HIGHLAND LAKES,HIGHWAY 281 SOUTH,5127153000
453301,DRISCOLL CHILDRENS HOSPITAL,3533 S ALAMEDA BOX 6530,3617394846
460010,INTERMOUNTAIN MEDICAL CENTER,5121 SOUTH COTTONWOOD STREET,8015077000
460049,THE ORTHOPEDIC SPECIALTY HOSPITAL,5848 SOUTH 300 EAST,8013144100
470001,CENTRAL VERMONT MEDICAL CENTER,BOX 547,8023714100
471300,GRACE COTTAGE HOSPITAL,PO BOX 216,8023657920
471306,SPRINGFIELD HOSPITAL,PO BOX 2003,8028852151
490009,UNIVERSITY OF VIRGINIA MEDICAL CENTER,JEFFERSON PARK AVE,8002513627
490104,HIRAM W DAVIS MEDICAL CENTER,P O BOX 4030,8045247344
490117,CARILION TAZEWELL COMMUNITY HOSPITAL,388 BEN BOLT AVENUE,2769888700
490126,LEWISGALE HOSPITAL ALLEGHANY,ONE ARH LANE - PO BOX 7,5408626011
500044,DEACONESS HOSPITAL,W 800 FIFTH AVENUE,5094735800
500051,OVERLAKE HOSPITAL MEDICAL CENTER,1035-116TH AVE NE,4256885000
500129,TACOMA GENERAL ALLENMORE HOSPITAL,315 S MLK JR WAY,2534031000
501305,LINCOLN HOSPITAL,10 NICHOLS STREET,5097257101
503301,MARY BRIDGE CHILDREN'S HOSPITAL,317 MARTIN LUTHER KING JR W BOX 5299,2534031400
510001,WEST VIRGINIA UNIVERSITY HOSPITALS,MEDICAL CENTER DRIVE,3045984000
510002,GREENBRIER VALLEY MEDICAL CENTER,1320 MAPLEWOOD AVENUE,3046474411
510072,WETZEL COUNTY HOSPITAL,#3 EAST BENJAMIN DRIVE,3044558000
511300,"BROADDUS HOSPITAL ASSOCIATION, INC",1 HEALTHCARE DRIVE MANSFIELD HILL,3044571760
511312,PRESTON MEMORIAL HOSPITAL,150 MEMORIAL DRIVE,3043291400
520037,MINISTRY SAINT JOSEPHS HOSPITAL,611 ST JOSEPH AVE,7153877850
520103,COMMUNITY MEMORIAL HOSPITAL,W180 N8085 TOWN HALL RD,2622511000
430081,PHS INDIAN HOSPITAL AT PINE RIDGE,"HIGHWAY 18, MAIN ST., BLDG. 159",6058675131
480001,"ROY LESTER SCHNEIDER HOSPITAL,THE",9048 SUGAR ESTATE,8097768311
520207,AURORA MEDICAL CENTER,975 PORT WASHINGTON ROAD,2623291000
521332,SPOONER HEALTH SYSTEM,1280 CHANDLER DR,7156352111
521347,WESTERN WISCONSIN HEALTH,1100 BERGSLIEN ST,7156841111
530008,SAGEWEST HEALTH CARE,2100 W SUNSET DR,3078564161
530035,ASPEN MOUNTAIN MEDICAL CENTER,4401 COLLEGE DRIVE,3074482758
670004,ST MARKS MEDICAL CENTER,ONE ST MARK'S PLACE,9792422200
670062,BAYLOR EMERGENCY MEDICAL CENTER,26791 HIGHWAY 380,9723472525
100055,FLORIDA HOSPITAL NORTH PINELLAS,1395 S PINELLAS AVE,7279425000
640001,LBJ TROPICAL MEDICAL CENTER,FAGAALU VILLAGE,6846334590
650001,GUAM MEMORIAL HOSPITAL AUTHORITY,85O GOV CARLOS G CAMACHO ROAD,6716472552
650003,GUAM REGIONAL MEDICAL CITY,133 ROUTE 3,6716455500
660001,COMMONWEALTH HEALTH CENTER,"PO BOX 409CK, NAVY HILL ROAD",6702348950
100009,UNIVERSITY OF MIAMI HOSPITAL,1400 NW 12TH AVE,3053255511
20008,BARTLETT REGIONAL HOSPITAL,3260 HOSPITAL DR,9077968900
33303,"HACIENDA CHILDREN'S HOSPITAL, INC.",610 WEST JEROME AVENUE,6022434231
11302,RED BAY HOSPITAL,211 HOSPITAL ROAD,2563569532
51311,ORCHARD HOSPITAL,240 SPRUCE STREET,5308465671
60034,SWEDISH MEDICAL CENTER,501 E HAMPDEN AVENUE,3037885000
100161,CENTRAL FLORIDA REGIONAL HOSPITAL,1401 W SEMINOLE BLVD,4073214500
51331,SANTA YNEZ VALLEY COTTAGE HOSPITAL,2050 VIBORG RD,8056886431
40118,NEA BAPTIST MEMORIAL HOSPITAL,4800 EAST JOHNSON AVENUE,8709727000
20026,ALASKA NATIVE MEDICAL CENTER,4315 DIPLOMACY DR,9075632662
31315,WHITE MOUNTAIN REGIONAL MEDICAL CENTER,118 SOUTH MOUNTAIN AVENUE,9283334368
100189,NORTHWEST MEDICAL CENTER,2801 N STATE RD 7,9549740400
50082,ST JOHNS REGIONAL MEDICAL CENTER,1600 N ROSE AVE,8059882500
50238,METHODIST HOSPITAL OF SOUTHERN CA,300 W HUNTINGTON DR,6264454441
50022,RIVERSIDE COMMUNITY HOSPITAL,4445 MAGNOLIA AVENUE,9517883000
50180,JOHN MUIR MEDICAL CENTER - WALNUT CREEK CAMPUS,1601 YGNACIO VALLEY RD,9259393000
110025,SOUTHEAST GEORGIA HEALTH SYSTEM- BRUNSWICK CAMPUS,2415 PARKWOOD DRIVE,9124667000
40015,MENA REGIONAL HEALTH SYSTEM,311 NORTH MORROW STREET,4793946100
110036,"MEMORIAL HEALTH UNIV MED CEN, INC",4700 WATERS AVENUE,9123503691
40078,NATIONAL PARK MEDICAL CENTER,1910 MALVERN AVENUE,5013211000
90011,MEDSTAR WASHINGTON HOSPITAL CENTER,110 IRVING ST NW,2028777000
50245,ARROWHEAD REGIONAL MEDICAL CENTER,400 NORTH PEPPER AVENUE,9095801000
10036,ANDALUSIA REGIONAL HOSPITAL,849 SOUTH THREE NOTCH STREET,3342228466
50689,SAN RAMON REGIONAL MEDICAL CTR,6001 NORRIS CANYON ROAD,9252759200
50710,KAISER FOUNDATION HOSPITAL - FRESNO,7300 NORTH FRESNO ST,5594484500
110042,WELLSTAR PAULDING HOSPITAL,2518 JIMMY LEE SMITH PARKWAY,4706447000
110111,UNIVERSITY HOSPITAL MCDUFFIE,2460 WASHINGTON ROAD,7065951411
50006,ST JOSEPH HOSPITAL,2700 DOLBEER ST,7074458121
50112,SANTA MONICA - UCLA MED CTR & ORTHOPAEDIC HOSPITAL,1250 16TH STREET,3103194000
51302,SOUTHERN INYO HOSPITAL,501 EAST LOCUST STREET,7608765501
100025,SACRED HEART HOSPITAL,5151 N 9TH AVE,8504167000
30016,BANNER CASA GRANDE MEDICAL CENTER,1800 EAST FLORENCE BOULEVARD,5203816300
10045,FAYETTE MEDICAL CENTER,1653 TEMPLE AVENUE NORTH,2059325966
30030,ABRAZO CENTRAL CAMPUS,2000 WEST BETHANY HOME ROAD,6022490212
10125,LAKELAND COMMUNITY HOSPITAL,42024 HIGHWAY 195 E,2054857117
50751,MIRACLE MILE MEDICAL CENTER,6000 SAN VICENTE BLVD,3239301040
50225,FEATHER RIVER HOSPITAL,5974 PENTZ ROAD,5308779361
30089,BANNER THUNDERBIRD MEDICAL CENTER,5555 WEST THUNDERBIRD ROAD,4806845898
100067,ST ANTHONYS HOSPITAL,1200 SEVENTH AVE N,7278251100
60126,BANNER FORT COLLINS MEDICAL CENTER,4700 LADY MOON DR,9708214000
50740,MARINA DEL REY HOSPITAL,4650 LINCOLN BLVD,3108238911
100238,NORTHSIDE HOSPITAL,6000 49TH ST N,8135215000
60116,GOOD SAMARITAN MEDICAL CENTER,200 EXEMPLA CIRCLE,3036894000
50072,KAISER FOUNDATION HOSPITAL - WALNUT CREEK,1425 S MAIN STREET,9252954000
100092,WUESTHOFF MEDICAL CENTER-ROCKLEDGE,110 LONGWOOD AVE,3216372603
50136,PETALUMA VALLEY HOSPITAL,400 N MCDOWELL BLVD,7077781111
50590,METHODIST HOSPITAL OF SACRAMENTO,7500 HOSPITAL DRIVE,9164236010
50152,SAINT FRANCIS MEMORIAL HOSPITAL,900 HYDE ST,4153536000
50516,MERCY SAN JUAN MEDICAL CENTER,6501 COYLE AVE,9165375000
110161,NORTHSIDE HOSPITAL,"1000 JOHNSON FERRY ROAD, NE",4048518000
10044,MARION REGIONAL MEDICAL CENTER,1256 MILITARY STREET SOUTH,2059216200
61311,SOUTHEAST COLORADO HOSPITAL,373 E TENTH AVE,7195234501
30013,YUMA REGIONAL MEDICAL CENTER,2400 SOUTH AVENUE A,9283367600
40132,LEVI HOSPITAL,300 PROSPECT AVE,5016241281
10097,ELMORE COMMUNITY HOSPITAL,500 HOSPITAL DRIVE,3345674311
50496,JOHN MUIR MEDICAL CENTER - CONCORD CAMPUS,2540 EAST ST,9256828200
10114,"MEDICAL WEST, AN AFFILIATE OF UAB HEALTH SYSTEM",995 9TH AVENUE SOUTHWEST,2054817000
100287,GOOD SAMARITAN MEDICAL CENTER,1309 N FLAGLER DR,5616555511
50390,HEMET VALLEY MEDICAL CENTER,1117 EAST DEVONSHIRE,9516522811
30121,"MOUNTAIN VISTA MEDICAL CENTER, LP",1301 SOUTH CRISMON ROAD,4803586100
30043,CANYON VISTA MEDICAL CENTER,5700 EAST HIGHWAY 90,5204173001
50359,TULARE REGIONAL MEDICAL CENTER,869 NORTH CHERRY AVENUE,5596880821
100319,FLORIDA HOSPITAL WESLEY CHAPEL,2600 BRUCE B DOWNS BLVD,8139295490
60065,NORTH SUBURBAN MEDICAL CENTER,9191 GRANT ST,3034517800
100007,FLORIDA HOSPITAL,601 E ROLLINS ST,4073031976
61324,ASPEN VALLEY HOSPITAL,0401 CASTLE CREEK ROAD,9705441261
100299,LAKEWOOD RANCH MEDICAL CENTER,8330 LAKEWOOD RANCH BLVD,9417822100
50133,RIDEOUT MEMORIAL HOSPITAL,726 4TH ST,5307494300
50744,ANAHEIM GLOBAL MEDICAL CENTER,1025 S ANAHEIM BLVD,7145336220
61305,MELISSA MEMORIAL HOSPITAL,1001 E JOHNSON STREET,9708542241
50043,ALTA BATES SUMMIT MEDICAL CENTER,350 HAWTHORNE AVENUE,5106554000
50454,UCSF MEDICAL CENTER,"505 PARNASSUS AVE, BOX 0296",4153532733
50506,SIERRA VISTA REGIONAL MEDICAL CENTER,1010 MURRAY ST,8505467600
50093,SAINT AGNES MEDICAL CENTER,1303 E HERNDON AVE,5594503000
50135,SOUTHERN CALIFORNIA HOSPITAL AT HOLLYWOOD,6245 DE LONGPRE AVE,3234622271
51301,ADVENTIST HEALTH MEDICAL CENTER TEHACHAPI VALLEY,115 WEST E STREET,6618223241
90006,PROVIDENCE HOSPITAL,1150 VARNUM ST NE,2022697000
50089,COMMUNITY HOSPITAL OF SAN BERNARDINO,1805 MEDICAL CENTER DRIVE,9098876333
31313,HOLY CROSS HOSPITAL,1171 WEST TARGET RANGE ROAD,5202853000
41319,"DE QUEEN MEDICAL CENTER, INC",1306 WEST COLLIN RAYE DRIVE,8705844111
100191,MEDICAL CENTER OF TRINITY,"9330 SR 54, STE 401",7278481733
10089,WALKER BAPTIST MEDICAL CENTER,3400 HIGHWAY 78 EAST,2053874000
50291,SUTTER SANTA ROSA REGIONAL HOSPITAL,30 MARK WEST SPRINGS ROAD,7075764000
70008,JOHNSON MEMORIAL HOSPITAL,201 CHESTNUT HILL ROAD,8606844251
110040,NORTHRIDGE MEDICAL CENTER,70 MEDICAL CENTER DRIVE,7063351100
100109,FLORIDA HOSPITAL HEARTLAND MEDICAL CENTER,4200 SUN N LAKE BLVD,8633144466
41307,CROSSRIDGE COMMUNITY HOSPITAL,310 SOUTH FALLS BOULEVARD,8702383300
100022,JACKSON MEMORIAL HOSPITAL,1611 NW 12TH AVE,3055851111
40004,WASHINGTON REGIONAL MEDICAL CENTER,,
