ID,First_Name,Last_Name
281656475,Emma,SMITH
281796108,Olivia,JOHNSON
281940292,Noah,WILLIAMS
282614216,Liam,BROWN
282935706,Sophia,JONES
283619399,Mason,MILLER
283646709,Ava,DAVIS
284035177,Jacob,GARCIA
284666222,William,RODRIGUEZ
284736660,Isabella,WILSON
284791396,Ethan,MARTINEZ
284815117,Mia,ANDERSON
284815942,James,TAYLOR
284847138,Alexander,THOMAS
284862767,Michael,HERNANDEZ
284876795,Benjamin,MOORE
284882215,Elijah,MARTIN
284910350,Daniel,JACKSON
284993459,Aiden,THOMPSON
285005463,Logan,WHITE
285946052,Matthew,LOPEZ
285994151,Abigail,LEE
286058814,Lucas,GONZALEZ
286070473,Jackson,HARRIS
286799607,Emily,CLARK
286906691,David,LEWIS
286911400,Oliver,ROBINSON
288113403,Jayden,WALKER
288120394,Joseph,PEREZ
288419283,Charlotte,HALL
288429040,Gabriel,YOUNG
289084315,Samuel,ALLEN
289446241,Carter,SANCHEZ
289523017,Anthony,WRIGHT
289894882,John,KING
290638154,Harper,SCOTT
290807369,Dylan,GREEN
290986013,Luke,BAKER
291430598,Henry,ADAMS
292421271,Madison,NELSON
292628469,Andrew,HILL
292738169,Isaac,RAMIREZ
293118835,Amelia,CAMPBELL
293523031,Christopher,MITCHELL
293573778,Joshua,ROBERTS
293622097,Elizabeth,CARTER
293760823,Sofia,PHILLIPS
293778748,Wyatt,EVANS
294056623,Sebastian,TURNER
294536447,Owen,TORRES
294631159,Evelyn,PARKER
294934058,Avery,COLLINS
295430577,Caleb,EDWARDS
295646461,Nathan,STEWART
295759189,Ryan,FLORES
295775656,Jack,MORRIS
296581815,Hunter,NGUYEN
297244048,Levi,MURPHY
297332787,Christian,RIVERA
297368629,Jaxon,COOK
297430070,Julian,ROGERS
297606726,Landon,MORGAN
297606951,Chloe,PETERSON
297694601,Ella,COOPER
298127110,Grayson,REED
298206806,Grace,BAILEY
298596830,Jonathan,BELL
298867247,Victoria,GOMEZ
299029654,Isaiah,KELLY
299515267,Aubrey,HOWARD
299853944,Charles,WARD
299949744,Thomas,COX
300048137,Aaron,DIAZ
300238550,Scarlett,RICHARDSON
300255638,Eli,WOOD
300265786,Zoey,WATSON
300590611,Connor,BROOKS
300704847,Jeremiah,BENNETT
301387274,Cameron,GRAY
301521403,Addison,JAMES
301724680,Lily,REYES
302049354,Josiah,CRUZ
302584613,Lillian,HUGHES
303058767,Adrian,PRICE
303191318,Natalie,MYERS
303337299,Hannah,LONG
303849934,Aria,FOSTER
304731501,Layla,SANDERS
304770340,Colton,ROSS
304871603,Brooklyn,MORALES
304871622,Jordan,POWELL
304878510,Brayden,SULLIVAN
305343404,Nicholas,RUSSELL
305557780,Robert,ORTIZ
305939712,Angel,JENKINS
306169895,Alexa,GUTIERREZ
306257910,Hudson,PERRY
306375551,Zoe,BUTLER
306468004,Lincoln,BARNES
306561234,Penelope,FISHER
306621789,Evan,HENDERSON
306628397,Dominic,COLEMAN
306937053,Austin,SIMMONS
307132353,Gavin,PATTERSON
307184892,Nolan,JORDAN
307219387,Riley,REYNOLDS
307354030,Leah,HAMILTON
307386350,Audrey,GRAHAM
307569751,Savannah,KIM
307727765,Parker,GONZALES
307741537,Adam,ALEXANDER
307764057,Chase,RAMOS
307906541,Allison,WALLACE
308111628,Jace,GRIFFIN
308339980,Samantha,WEST
308368164,Nora,COLE
308750436,Ian,HAYES
308834491,Skylar,CHAVEZ
309025938,Camila,GIBSON
309172177,Cooper,BRYANT
309187846,Easton,ELLIS
309465525,Kevin,STEVENS
309527804,Jose,MURRAY
309735670,Tyler,FORD
310303959,Anna,MARSHALL
310633997,Brandon,OWENS
310636441,Asher,MCDONALD
310738695,Paisley,HARRISON
310951782,Jaxson,RUIZ
311466554,Mateo,KENNEDY
311548709,Jason,WELLS
311762416,Ariana,ALVAREZ
311785642,Ayden,WOODS
311972587,Ellie,MENDOZA
312220102,Aaliyah,CASTILLO
312266675,Zachary,OLSON
312325565,Claire,WEBB
312343159,Violet,WASHINGTON
313199385,Stella,TUCKER
314303518,Sadie,FREEMAN
314506629,Carson,BURNS
314652382,Mila,HENRY
314716233,Xavier,VASQUEZ
314819528,Gabriella,SNYDER
314855255,Leo,SIMPSON
314864297,Lucy,CRAWFORD
315021242,Arianna,JIMENEZ
316025912,Kennedy,PORTER
316227296,Sarah,MASON
316391924,Madelyn,SHAW
317469184,Eleanor,GORDON
317809458,Kaylee,WAGNER
317904170,Caroline,HUNTER
318304532,Ezra,ROMERO
318592730,Bentley,HICKS
318639200,Hazel,DIXON
319204550,Sawyer,HUNT
319284643,Hailey,PALMER
319295332,Kayden,ROBERTSON
319740707,Blake,BLACK
319881193,Nathaniel,HOLMES
320029256,Genesis,STONE
320279293,Kylie,MEYER
320300350,Ryder,BOYD
320596872,Theodore,MILLS
320599923,Autumn,WARREN
320606217,Piper,FOX
320636131,Maya,ROSE
320650307,Elias,RICE
321369231,Nevaeh,MORENO
321756558,Serenity,SCHMIDT
322423174,Peyton,PATEL
322439990,Tristan,FERGUSON
322523436,Roman,NICHOLS
323229106,Mackenzie,HERRERA
323242790,Leonardo,MEDINA
323438913,Bella,RYAN
324266640,Camden,FERNANDEZ
324684580,Eva,WEAVER
324887734,Taylor,DANIELS
325462190,Naomi,STEPHENS
325658560,Brody,GARDNER
325683306,Luis,PAYNE
325954996,Miles,KELLEY
325962257,Micah,DUNN
326082487,Vincent,PIERCE
326161564,Justin,ARNOLD
326574411,Aubree,TRAN
326876192,Aurora,SPENCER
326885152,Greyson,PETERS
326979430,Declan,HAWKINS
327193945,Maxwell,GRANT
327243363,Juan,HANSEN
327455869,Melanie,CASTRO
327630330,Cole,HOFFMAN
328011357,Lydia,HART
328205875,Damian,ELLIOTT
328415391,Brianna,CUNNINGHAM
329127297,Ruby,KNIGHT
329174056,Katherine,BRADLEY
329541503,Ashley,CARROLL
329670577,Carlos,HUDSON
329703516,Max,DUNCAN
329887910,Alexis,ARMSTRONG
329981776,Alice,BERRY
330376830,Cora,ANDREWS
330803072,Julia,JOHNSTON
331004675,Harrison,RAY
331177703,Madeline,LANE
331177714,Weston,RILEY
331259725,Faith,CARPENTER
331271904,Brantley,PERKINS
331308914,Braxton,AGUILAR
331786748,Annabelle,SILVA
331804452,Alyssa,RICHARDS
332568551,Axel,WILLIS
333180061,Diego,MATTHEWS
333206289,Abel,CHAPMAN
333246187,Wesley,LAWRENCE
333263435,Santiago,GARZA
333710667,Isabelle,VARGAS
333903271,Vivian,WATKINS
334235181,Jesus,WHEELER
334256223,Gianna,LARSON
334264405,Silas,CARLSON
334503000,Giovanni,HARPER
334989259,Bryce,GEORGE
335029050,Jayce,GREENE
335047649,Bryson,BURKE
335364882,Alex,GUZMAN
335545504,Quinn,MORRISON
335709058,Clara,MUNOZ
335744614,Reagan,JACOBS
335862325,Everett,OBRIEN
335875911,George,LAWSON
335989871,Eric,FRANKLIN
336141475,Ivan,LYNCH
336347946,Emmett,BISHOP
336353151,Kaiden,CARR
336435697,Ashton,SALAZAR
336477530,Khloe,AUSTIN
336599882,Alexandra,MENDEZ
336683524,Hadley,GILBERT
336689375,Eliana,JENSEN
336834650,Kingston,WILLIAMSON
336860594,Sophie,MONTGOMERY
337021781,London,HARVEY
337056601,Jonah,OLIVER
337288863,Elena,HOWELL
337402021,Jameson,DEAN
337462979,Kimberly,HANSON
337571576,Kai,WEBER
337710261,Bailey,GARRETT
337866370,Maria,SIMS
338057689,Luna,BURTON
338137227,Willow,FULLER
338761996,Jasmine,SOTO
338828953,Maddox,MCCOY
339440515,Timothy,WELCH
339462921,Kinsley,CHEN
339532909,Ezekiel,SCHULTZ
340368403,Valentina,WALTERS
340769953,Ryker,REID
340779800,Emmanuel,FIELDS
341036067,Kayla,WALSH
341232718,Hayden,LITTLE
341329033,Antonio,FOWLER
341691394,Delilah,BOWMAN
341776037,Andrea,DAVIDSON
342115564,Bennett,MAY
342138881,Steven,DAY
342548956,Natalia,SCHNEIDER
342602105,Lauren,NEWMAN
342699962,Morgan,BREWER
342792525,Rylee,LUCAS
343200656,Richard,HOLLAND
343555245,Sydney,WONG
343638336,Jude,BANKS
343889987,Adalynn,SANTOS
344065205,Mary,CURTIS
344176018,Luca,PEARSON
344186162,Ximena,DELGADO
344542975,Edward,VALDEZ
345445479,Joel,PENA
345542655,Victor,RIOS
346184215,Miguel,DOUGLAS
346453382,Jade,SANDOVAL
346513173,Liliana,BARRETT
346997126,Malachi,HOPKINS
347310316,King,KELLER
347393479,Patrick,GUERRERO
347400507,Brielle,STANLEY
347411942,Kaleb,BATES
347418999,Ivy,ALVARADO
347803339,Trinity,BECK
348530331,Bryan,ORTEGA
348543978,Josephine,WADE
348684697,Alan,ESTRADA
349079731,Adalyn,CONTRERAS
349276209,Jocelyn,BARNETT
349442137,Marcus,CALDWELL
350480010,Preston,SANTIAGO
350642635,Abraham,LAMBERT
350962117,Calvin,POWERS
351091731,Colin,CHAMBERS
351184863,Emery,NUNEZ
351331194,Adeline,CRAIG
351707231,Bradley,LEONARD
351727428,Jeremy,LOWE
351939099,Kyle,RHODES
351986992,Graham,BYRD
352000376,Jordyn,GREGORY
352041837,Grant,SHELTON
352199775,Ariel,FRAZIER
352247139,Jesse,BECKER
352509417,Kaden,MALDONADO
352670055,Everly,FLEMING
352683833,Alejandro,VEGA
353372460,Lilly,SUTTON
353573707,Oscar,COHEN
353603279,Paige,JENNINGS
353642901,Jase,PARKS
353665650,Karter,MCDANIEL
354051766,Isla,WATTS
354655665,Lyla,BARKER
354850853,Maverick,NORRIS
354972939,Aidan,VAUGHN
354974729,Makayla,VAZQUEZ
355524910,Molly,HOLT
355554941,Tucker,SCHWARTZ
355709084,Emilia,STEELE
355940964,Avery,BENSON
356618664,Amir,NEAL
356968629,Brian,DOMINGUEZ
357218860,Mya,HORTON
357404131,Kendall,TERRY
357421934,Iker,WOLFE
357467791,Melody,HALE
357577420,Matteo,LYONS
357828853,Isabel,GRAVES
358055270,Brooke,HAYNES
358207332,Caden,MILES
359891723,Zayden,PARK
359917414,Mckenzie,WARNER
360593530,Nicole,PADILLA
361231506,Payton,BUSH
362179828,Margaret,THORNTON
362348516,Mariah,MCCARTHY
362949845,Riley,MANN
363201632,August,ZIMMERMAN
363282253,Eden,ERICKSON
363306776,Mark,FLETCHER
363317633,Maximus,MCKINNEY
363360636,Athena,PAGE
363448251,Amy,DAWSON
363451838,Norah,JOSEPH
363486802,Brady,MARQUEZ
363486833,Kenneth,REEVES
363590051,Paul,KLEIN
363738376,Londyn,ESPINOZA
363992049,Jaden,BALDWIN
363998953,Nicolas,MORAN
364017607,Valeria,LOVE
364159440,Beau,ROBBINS
364165557,Sara,HIGGINS
364183992,Aliyah,BALL
364191819,Angelina,CORTEZ
364204209,Gracie,LE
364234221,Dean,GRIFFITH
364252504,Rose,BOWEN
364267763,Jake,SHARP
364500115,Peter,CUMMINGS
364502063,Xander,RAMSEY
364733950,Rachel,HARDY
364738545,Juliana,SWANSON
364740856,Elliot,BARBER
364762290,Laila,ACOSTA
364899325,Finn,LUNA
364901807,Brooklynn,CHANDLER
364904019,Valerie,BLAIR
365152940,Derek,DANIEL
365235835,Sean,CROSS
365724094,Cayden,SIMON
366195670,Elliott,DENNIS
366247306,Alina,OCONNOR
366562751,Jax,QUINN
366626332,Reese,GROSS
366869252,Jasper,NAVARRO
367003839,Elise,MOSS
367242040,Lorenzo,FITZGERALD
367287593,Omar,DOYLE
367623543,Eliza,MCLAUGHLIN
367706767,Beckett,ROJAS
368494609,Alaina,RODGERS
368677368,Rowan,STEVENSON
368948250,Raelynn,SINGH
369111608,Leilani,YANG
369266386,Catherine,FIGUEROA
369692259,Emerson,HARMON
369820957,Gael,NEWTON
369838631,Cecilia,PAUL
369849199,Corbin,MANNING
369970819,Genevieve,GARNER
370139302,Daisy,MCGEE
370144476,Waylon,REESE
370406465,Harmony,FRANCIS
370697773,Myles,BURGESS
370899391,Vanessa,ADKINS
370901726,Adriana,GOODMAN
371338715,Presley,CURRY
372283316,Rebecca,BRADY
372513032,Destiny,CHRISTENSEN
372648912,Hayden,POTTER
373185673,Tanner,WALTON
373203236,Jorge,GOODWIN
373236724,Julianna,MULLINS
373311252,Michelle,MOLINA
373342398,Javier,WEBSTER
373454750,Zion,FISCHER
373493387,Adelyn,CAMPOS
373515261,Arabella,AVILA
373563219,Summer,SHERMAN
373714084,Andres,TODD
373849969,Callie,CHANG
373903654,Charlie,BLAKE
374151636,Paxton,MALONE
374211477,Emiliano,WOLF
374308914,Kaitlyn,HODGES
374791544,Brooks,JUAREZ
375239755,Zane,GILL
375295479,Ryleigh,FARMER
375380948,Lila,HINES
376183339,Daniela,GALLAGHER
376197239,Arya,DURAN
376202925,Simon,HUBBARD
376374689,Judah,CANNON
376412660,Alana,MIRANDA
376413870,Esther,WANG
376436174,Griffin,SAUNDERS
376510438,Finley,TATE
376561911,Gabrielle,MACK
377321278,Cody,HAMMOND
377342622,Gunner,CARRILLO
377677727,Jessica,TOWNSEND
377704407,Dawson,WISE
377831429,Israel,INGRAM
377908737,Charlie,BARTON
377989827,Stephanie,MEJIA
378326916,Tessa,AYALA
378352300,Rylan,SCHROEDER
378781805,Makenzie,HAMPTON
378782714,Ana,ROWE
379256460,Amaya,PARSONS
379323382,Alexandria,FRANK
379395415,Gage,WATERS
379693831,Alivia,STRICKLAND
379869627,Nova,OSBORNE
379937581,Messiah,MAXWELL
379983299,River,CHAN
380090605,Kameron,DELEON
380641055,Anastasia,NORMAN
380834987,Iris,HARRINGTON
380908399,Marley,CASEY
380932800,Fiona,PATTON
380974668,Angela,LOGAN
381059732,Giselle,BOWERS
381342267,Stephen,MUELLER
381471023,Francisco,GLOVER
381477230,Kate,FLOYD
381722077,Clayton,HARTMAN
382002079,Zander,BUCHANAN
382013715,Alayna,COBB
382045106,Chance,FRENCH
382201985,Lola,KRAMER
382497397,Lucia,MCCORMICK
382509315,Eduardo,CLARKE
382596778,Juliette,TYLER
382617920,Parker,GIBBS
382991304,Teagan,MOODY
383298204,Sienna,CONNER
383718755,Spencer,SPARKS
383819300,Lukas,MCGUIRE
384282298,Georgia,LEON
384830320,Hope,BAUER
385145330,Cali,NORTON
385285922,Vivienne,POPE
385533456,Damien,FLYNN
385724144,Dallas,HOGAN
385756768,Izabella,ROBLES
385919493,Kinley,SALINAS
385957032,Conner,YATES
386098453,Travis,LINDSEY
386239683,Daleyza,LLOYD
386241770,Kylee,MARSH
386505750,Knox,MCBRIDE
386592716,Jayla,OWEN
387109554,Raymond,SOLIS
387310377,Katelyn,PHAM
387428400,Peyton,LANG
